Wood,Metal,Carpet,Wood,Carpet,Carpet,RoughFoam,Metal,Paper,RoughFoam,Paper,Metal,Wood,RoughFoam,Paper
Wood,Carpet,RoughFoam,Paper,Metal,RoughFoam,RoughFoam,Carpet,Carpet,Paper,Paper,Metal,Wood,Wood,Metal
Carpet,Paper,Paper,RoughFoam,Wood,Metal,Metal,Paper,Wood,Carpet,RoughFoam,Carpet,Metal,Wood,RoughFoam
Metal,Wood,Carpet,RoughFoam,Carpet,Paper,Metal,Paper,RoughFoam,Wood,Paper,Metal,Wood,RoughFoam,Carpet
RoughFoam,Carpet,Metal,Wood,Carpet,RoughFoam,RoughFoam,Carpet,Metal,Paper,Metal,Wood,Paper,Wood,Paper
Metal,Wood,Paper,RoughFoam,Paper,Carpet,RoughFoam,Carpet,Carpet,RoughFoam,Paper,Wood,Metal,Metal,Wood
Metal,RoughFoam,Carpet,Carpet,Wood,RoughFoam,Paper,Wood,Wood,Paper,Carpet,RoughFoam,Paper,Metal,Metal
Paper,Wood,RoughFoam,Wood,Metal,Paper,Paper,Metal,RoughFoam,RoughFoam,Carpet,Carpet,Wood,Carpet,Metal
RoughFoam,Wood,RoughFoam,Carpet,Paper,Metal,Paper,RoughFoam,Wood,Carpet,Metal,Carpet,Metal,Wood,Paper
Paper,Wood,Carpet,Wood,Metal,RoughFoam,RoughFoam,Wood,RoughFoam,Paper,Metal,Paper,Carpet,Metal,Carpet
RoughFoam,Paper,Wood,RoughFoam,Carpet,Wood,Metal,Carpet,Carpet,Paper,RoughFoam,Wood,Metal,Metal,Paper
Paper,RoughFoam,Paper,RoughFoam,Wood,Paper,Wood,RoughFoam,Metal,Metal,Wood,Metal,Carpet,Carpet,Carpet
Paper,Carpet,Metal,Wood,Wood,Carpet,Metal,RoughFoam,Carpet,Paper,Paper,Metal,RoughFoam,RoughFoam,Wood
Paper,Wood,Carpet,Paper,Metal,RoughFoam,Metal,RoughFoam,Paper,Carpet,RoughFoam,Wood,Wood,Carpet,Metal
Wood,Paper,Metal,RoughFoam,Carpet,Wood,Carpet,RoughFoam,Metal,Paper,Paper,RoughFoam,Metal,Wood,Carpet
Paper,RoughFoam,Carpet,Metal,RoughFoam,Paper,RoughFoam,Metal,Wood,Wood,Metal,Wood,Carpet,Carpet,Paper
Paper,Carpet,Metal,Metal,Wood,RoughFoam,Carpet,Paper,Wood,RoughFoam,Carpet,RoughFoam,Paper,Wood,Metal
Metal,RoughFoam,Carpet,RoughFoam,Paper,RoughFoam,Carpet,Metal,Paper,Metal,Wood,Paper,Carpet,Wood,Wood
RoughFoam,RoughFoam,Metal,Wood,Paper,Carpet,Paper,Wood,RoughFoam,Metal,Wood,Carpet,Metal,Paper,Carpet
Wood,RoughFoam,Carpet,Carpet,Metal,Metal,Wood,Paper,Paper,Carpet,RoughFoam,Paper,Metal,Wood,RoughFoam
Carpet,Wood,Carpet,Metal,RoughFoam,Metal,Wood,Paper,Metal,RoughFoam,RoughFoam,Paper,Paper,Carpet,Wood
Carpet,Wood,Metal,Carpet,Carpet,Metal,RoughFoam,Paper,Wood,Wood,RoughFoam,Paper,Metal,RoughFoam,Paper
RoughFoam,Metal,Carpet,Wood,Wood,Carpet,RoughFoam,Paper,Carpet,RoughFoam,Paper,Paper,Metal,Wood,Metal
Metal,Metal,Paper,Paper,Wood,Wood,RoughFoam,RoughFoam,RoughFoam,Wood,Metal,Carpet,Carpet,Paper,Carpet
Carpet,Wood,RoughFoam,Paper,RoughFoam,Paper,Metal,Wood,RoughFoam,Carpet,Metal,Wood,Paper,Metal,Carpet
Paper,Carpet,Paper,RoughFoam,Carpet,Wood,Wood,Metal,RoughFoam,Carpet,Paper,Wood,Metal,Metal,RoughFoam
Paper,Metal,Wood,Carpet,Paper,Metal,Carpet,RoughFoam,Metal,Carpet,Wood,Paper,RoughFoam,Wood,RoughFoam
Wood,RoughFoam,Paper,Carpet,RoughFoam,Carpet,RoughFoam,Metal,Metal,Paper,Paper,Metal,Carpet,Wood,Wood
Paper,Paper,Carpet,RoughFoam,Carpet,Metal,Carpet,RoughFoam,Wood,Wood,Metal,Metal,Paper,RoughFoam,Wood
Wood,Paper,RoughFoam,Paper,Carpet,RoughFoam,Paper,RoughFoam,Metal,Metal,Wood,Wood,Metal,Carpet,Carpet
RoughFoam,Metal,Carpet,Paper,Wood,Carpet,Wood,Wood,Carpet,Metal,RoughFoam,Metal,RoughFoam,Paper,Paper
Metal,Paper,Metal,Paper,Metal,Paper,Carpet,RoughFoam,Wood,Carpet,Wood,RoughFoam,Wood,RoughFoam,Carpet
RoughFoam,Paper,Paper,RoughFoam,Wood,Metal,Carpet,Metal,Paper,Wood,Metal,Carpet,Wood,Carpet,RoughFoam
Wood,Paper,Carpet,Paper,Paper,Wood,RoughFoam,Carpet,Metal,Metal,Metal,Carpet,Wood,RoughFoam,RoughFoam
RoughFoam,Wood,Carpet,RoughFoam,Wood,Paper,Metal,Paper,RoughFoam,Carpet,Metal,Paper,Carpet,Metal,Wood
Wood,Paper,Carpet,Carpet,Metal,RoughFoam,Metal,Paper,Wood,Paper,RoughFoam,Metal,Wood,RoughFoam,Carpet
Carpet,Metal,Carpet,Wood,Wood,Paper,Carpet,Wood,Paper,RoughFoam,Metal,Paper,RoughFoam,Metal,RoughFoam
Metal,Metal,Carpet,Wood,Wood,RoughFoam,Carpet,Wood,RoughFoam,Paper,Metal,RoughFoam,Paper,Carpet,Paper
Carpet,Carpet,Paper,Metal,Metal,Wood,Paper,RoughFoam,Metal,Wood,Carpet,RoughFoam,Paper,Wood,RoughFoam
Metal,Wood,Paper,RoughFoam,Carpet,Carpet,Metal,Metal,Wood,RoughFoam,Carpet,Paper,Paper,RoughFoam,Wood
